"id","fname","data1","data2","data3","data4","data5","data6","data7","data8","data9","data10","data11","data12","data13","data14","data15"
1,"a-00001","安永 裕史","やすなが ひろふみ",25,"1997年09月04日","男","O","yasunagahirofumi@example.jp","0223-64-4024","070-2210-6752","986-2060","宮城県仙台市太白区茂庭台3-2-8","吉田商事株式会社","4148176820278706","05/24","748092025963"
2,"a-00002","牧 和也","まき かずや",48,"1974年12月23日","男","AB","maki_1223@example.net","03-5310-0270","050-4156-4289","194-1432","東京都練馬区土支田3-3-6","株式会社京和","5262379342704392","12/24","120108640222"
3,"a-00003","桜井 賢","さくらい けん",20,"2003年04月17日","男","O","sakuraiken@example.jp","0969-60-1283","080-1651-0809","868-7008","熊本県熊本市中央区本荘2-2-7","株式会社プラウド","371098356714431","08/23","499379209399"
4,"a-00004","伊東 千恵子","いとう ちえこ",69,"1954年01月11日","女","B","chieko_ito@example.co.jp","03-1504-7941","050-9165-6441","197-9631","東京都葛飾区柴又2-3-402",,"4891149695905686","06/27","188315796473"
5,"a-00005","平井 正仁","ひらい まさひと",74,"1949年03月23日","男","O","hirai_masahito@example.co.jp","06-0748-3414","090-1971-4583","576-6868","大阪府大阪市中央区高麗橋2-4-1005",,"3553202251611585","12/27","491336640486"
6,"a-00006","下坂 美和子","しもさか みわこ",30,"1993年05月20日","女","A","shimosaka520@example.com","03-4923-9406","080-6852-2074","157-4134","東京都千代田区外神田3-4-5",,"371130780042194","10/26","085800854860"
7,"a-00007","山野 智代","やまの ともよ",24,"1998年10月15日","女","A","yamano_tomoyo@example.net","0791-73-5990","080-6404-8454","653-2684","兵庫県神戸市中央区雲井通2-4-706","合同会社新技術つくば","5396080241242885","05/28","623473695070"
8,"a-00008","柴田 良","しばた りょう",53,"1970年06月11日","その他・不明","A","ryoushibata@example.co.jp","03-1845-7426","080-4095-8679","184-0024","東京都港区芝浦1-1-3ベルク511","有限会社中村建設","3575414224044331","12/27","057427511130"
9,"a-00009","村井 賢治","むらい けんじ",40,"1983年05月25日","男","O","murai_525@example.com","03-9102-9807","090-4560-7134","142-4281","東京都北区上十条1-2-14ディナスティ503","株式会社グレース","5206680406056473","03/24","557694701765"
10,"a-00010","伊藤 みなみ","いとう みなみ",32,"1990年09月05日","その他・不明","O","ito_95@example.org","0460-80-3079","080-3953-5196","220-8801","神奈川県横浜市鶴見区下野谷町2-1-4","株式会社サンコー","375184114678013","04/25","799369672051"
11,"a-00011","柳 かなこ","やなぎ かなこ",74,"1949年04月02日","女","A","kanako_yanagi@example.net","084-766-3700","070-8588-5124","735-0543","広島県呉市宮原2-3-7",,"3541713296278052","05/28","138003174818"
12,"a-00012","中本 春菜","なかもと はるな",56,"1967年05月24日","女","O","nakamotoharuna@example.ne.jp","06-6851-2843","070-4993-5859","596-0720","大阪府豊中市熊野町2-4-14","エース株式会社","5195628067924433","10/23","761834494702"
13,"a-00013","吉田 剛","よしだ つよし",71,"1952年04月20日","男","O","yoshida_420@example.com","03-2340-7162","050-3141-6110","186-0576","東京都西多摩郡瑞穂町長岡2-3-203",,"4783617896533169","04/24","941957109780"
14,"a-00014","大場 美穂子","おおば みほこ",73,"1949年10月24日","女","A","oba1024@example.co.jp","06-2832-2974","080-9979-6226","545-5851","大阪府大阪市東成区大今里1-3-6",,"5123998723645889","10/23","849743202827"
15,"a-00015","塩満 純一","しおみつ じゅんいち",68,"1955年07月18日","男","O","junichishiomitsu@example.net","0531-48-9996","080-5169-3535","454-0297","愛知県清須市桃栄1-2-20",,"372412370386168","11/25","947992429540"
16,"a-00016","吉井 晃太","よしい こうた",33,"1990年01月05日","男","O","yoshii_kota@example.com","03-0676-3083","090-7062-9934","165-0988","東京都大田区大森西1-2-9","株式会社アステック","4882288865901124","04/24","675148007923"
17,"a-00017","菅野 祐志","かんの ゆうじ",23,"1999年09月09日","男","AB","kanno99@example.ne.jp","0436-46-4462","070-6268-3579","280-5090","千葉県千葉市中央区中央3-5-18","株式会社ヤスダ","4840433702637538","04/26","341060327760"
18,"a-00018","高田 俊哉","たかだ としや",23,"2000年07月03日","男","A","takada73@example.net","03-8600-4579","080-3890-8217","176-9032","東京都府中市白糸台3-1-10","有限会社中島製作所","5315129039552837","01/28","447107588277"
19,"a-00019","池田 佐智子","いけだ さちこ",44,"1979年05月27日","女","A","sachikoikeda@example.com","0479-45-1110","090-7659-9013","269-6967","千葉県船橋市本町3-1-1106ディオレ401","合名会社関谷商店","4970198449101880","12/26","301029046751"
20,"a-00020","早坂 俊","はやさか しゅん",53,"1970年04月03日","男","O","hayasaka_43@example.com","03-0357-5865","090-9791-7771","102-7664","東京都目黒区青葉台3-3-10","合名会社青柳鐵店","373773161621231","02/26","824499973716"
21,"a-00021","川上 航","かわかみ わたる",69,"1954年01月21日","男","B","kawakami_121@example.ne.jp","03-3645-7908","090-8038-5954","137-9926","東京都葛飾区新小岩2-2-5",,"5429280772805958","03/28","749057630826"
22,"a-00022","岡本 有希子","おかもと ゆきこ",75,"1947年08月11日","女","A","okamoto811@example.org","03-7929-5705","090-6722-7447","164-9417","東京都葛飾区青戸1-4-6",,"5260333959591644","10/24","657284008420"
23,"a-00023","小林 宏晃","こばやし ひろあき",71,"1952年05月15日","男","A","kobayashi_515@example.net","0261-35-3389","090-3771-7878","383-7210","長野県松本市寿台2-2-6",,"5405027959291785","01/28","920491888689"
24,"a-00024","大羽 英里子","おおば えりこ",52,"1971年02月05日","女","B","oba_eriko@example.org","03-2497-4907","090-1505-2621","101-4205","東京都新宿区西新宿3-2-3","中央建設工業有限会社","4129334227587681","10/24","396150457778"
25,"a-00025","渡 英樹","わたり ひでき",48,"1975年04月26日","男","A","watari426@example.jp","03-4235-3948","090-9765-1378","154-8515","東京都国分寺市西恋ヶ窪2-1-10","有限会社清水製作所","4941817114000988","03/24","710709501353"
26,"a-00026","小林 美里","こばやし みさ",21,"2001年08月29日","女","A","kobayashi_misa@example.co.jp","0791-68-9206","090-5574-0379","662-1030","兵庫県神戸市中央区国香通1-1-9","株式会社ベネフィット","3583398136061543","11/25","495377180592"
27,"a-00027","鈴木 ヒロ","すずき ひろ",74,"1948年12月25日","男","A","suzuki1225@example.jp","093-885-8152","070-4374-6009","839-7245","福岡県福岡市博多区千代2-3-9",,"5432985283205069","09/26","234432041329"
28,"a-00028","大内 大","おおうち だい",75,"1948年01月22日","男","A","ouchidai@example.org","0133-23-8261","050-7460-0460","057-7776","北海道札幌市北区北九条西2-2-6",,"4440068343868755","05/27","349080637449"
29,"a-00029","越川 修","こしかわ おさむ",42,"1981年05月24日","男","O","koshikawa524@example.jp","03-1909-1194","070-7092-5179","106-1775","東京都墨田区江東橋2-3-7コスモ209","有限会社富士工業","3542072922104300","06/24","068161467832"
30,"a-00030","岸 真紀子","きし まきこ",34,"1988年12月21日","女","B","kishimakiko@example.com","044-209-6368","080-6828-1150","217-6463","神奈川県大和市中央林間1-2-8ハイネス513","ＡＨＭＥＤ","375168539893703","04/24","274453353349"
31,"a-00031","中上 真也","なかがみ しんや",48,"1975年01月07日","男","AB","nakagami_17@example.org","03-4272-2531","090-7446-4014","121-8527","東京都墨田区両国2-3-10","合同会社ＪＵＮ","4626889960602565","12/27","515651050685"
32,"a-00032","本田 宏行","ほんだ ひろゆき",51,"1971年10月26日","男","A","hiroyukihonda@example.com","06-3476-7327","050-8981-4079","588-9391","大阪府大阪市中央区高麗橋3-2-6サニーハウス805","有限会社ナカノ","376519391524969","06/28","677710764735"
33,"a-00033","嶋村 陽平","しまむら ようへい",31,"1992年05月28日","男","O","shimamurayouhei@example.co.jp","03-9180-6735","080-7528-8014","161-7530","東京都渋谷区東1-3-14","阿見リース有限会社","4625096544962884","03/25","976879169140"
34,"a-00034","中川 美恵子","なかがわ みえこ",22,"2001年02月08日","女","O","nakagawamieko@example.net","0133-18-0280","070-4701-7824","042-1285","北海道札幌市北区新琴似十一条2-2-10","株式会社丸忠","4852279079420270","09/23","708993743987"
35,"a-00035","谷口 佳紀","たにぐち よしのり",39,"1984年03月13日","男","A","taniguchi_313@example.org","0493-64-9533","090-3209-5840","360-9193","埼玉県さいたま市南区根岸4-3-9","大雪ドライブ有限会社","4427953569157396","06/27","939653463060"
36,"a-00036","平良 翔","たいら しょう",44,"1978年11月12日","男","A","taira_1112@example.ne.jp","06-6730-3384","050-6961-1006","551-2232","大阪府大阪市東成区大今里2-1-7ヴィークコート511","株式会社オービット","3548702564759524","05/26","646219000798"
37,"a-00037","加藤 絢子","かとう じゅんこ",61,"1962年02月15日","女","A","junko_kato@example.com","03-8139-3599","050-2665-6403","186-1219","東京都中央区日本橋室町4-2-6",,"3578740618819582","07/24","135623656511"
38,"a-00038","江頭 嵩","えがしら たかし",65,"1958年04月09日","男","B","takashi_egashira@example.co.jp","0268-08-5243","090-8792-5001","381-8997","長野県小諸市市町3-1-11パレスエクセル110",,"5108100615485230","07/24","402187309191"
39,"a-00039","杉山 卓史","すぎやま たかし",73,"1949年09月28日","男","B","sugiyamatakashi@example.net","0228-58-3509","080-3796-8965","980-3247","宮城県仙台市宮城野区萩野町1-5-3",,"370224606045126","11/24","877760383316"
40,"a-00040","浅田 博之","あさだ ひろゆき",48,"1974年08月22日","男","B","asadahiroyuki@example.net","0587-16-2743","050-1715-2322","460-6175","愛知県名古屋市名東区引山3-5-15","伊勢水道サービスセンター有限会社","3554083451796981","06/26","259606595828"
41,"a-00041","田中 容子","たなか ひろこ",38,"1984年08月28日","その他・不明","O","hiroko_tanaka@example.net","0799-01-0680","090-9221-4618","662-0097","兵庫県神戸市長田区川西通3-1-22プラウド510","株式会社コウケン","5217653242909467","11/27","826130902958"
42,"a-00042","植田 直樹","うえだ なおき",75,"1947年11月05日","男","AB","uedanaoki@example.jp","01658-5-0803","080-9959-0754","079-5331","北海道札幌市南区南沢三条4-3-3",,"3575244337550241","02/28","276120689288"
43,"a-00043","谷口 ひとみ","たにぐち ひとみ",46,"1977年04月21日","その他・不明","B","taniguchi_421@example.jp","06-7080-3160","090-1560-2226","585-7027","大阪府守口市南寺方東通3-4-704","有限会社ヤマグチ","4000359953455930","01/25","222739012506"
44,"a-00044","中島 秀美","なかじま ひでみ",79,"1944年02月11日","女","A","hideminakajima@example.org","0930-10-9548","070-6831-8397","832-9559","福岡県宗像市田熊1-1-3",,"4020512763285451","11/24","072587414326"
45,"a-00045","綾瀬 菜穂","あやせ なほ",59,"1964年02月14日","女","O","ayase_214@example.jp","09496-0-0279","070-3098-5714","803-1018","福岡県大野城市御笠川2-1-11","サンテック株式会社","4359667480606768","12/24","875381197170"
46,"a-00046","宮崎 努","みやざき つとむ",30,"1993年05月31日","男","O","tsutomu_miyazaki@example.net","0791-82-4325","090-2742-0609","662-9427","兵庫県三田市ゆりのき台2-3-9","株式会社SKC","5480705477476297","09/27","081519854279"
47,"a-00047","福永 優子","ふくなが ゆうこ",22,"2001年04月26日","その他・不明","O","fukunaga_426@example.com","03-0838-9241","070-3959-8265","194-5997","東京都文京区本郷2-5-1009","有限会社アイコーポレーション","370080629266382","11/25","967065234813"
48,"a-00048","田中 直昭","たなか なおあき",69,"1954年01月19日","男","A","tanaka119@example.net","0829-14-9086","090-9694-3358","727-5403","広島県広島市安芸区船越南1-4-6",,"376945542948379","11/25","058251702690"
49,"a-00049","伊藤 宏輔","いとう こうすけ",43,"1980年07月07日","男","O","ito_77@example.org","0740-55-0394","090-7476-2379","525-3757","滋賀県大津市におの浜2-2-7",,"4817316659108612","12/24","290203663909"
50,"a-00050","河村 晴美","かわむら はるみ",30,"1992年11月09日","女","O","kawamura_119@example.co.jp","097-025-7458","090-6521-2411","876-9752","大分県大分市三川上2-2-8","有限会社コーケン","4568970625831870","03/25","877572795453"
